{"properties": [
  {
    "name": "kpi.services.lucene.path",
    "type": "java.lang.String",
    "description": "A description for 'kpi.services.lucene.path'"
  },
  {
    "name": "kpi.service.files.path",
    "type": "java.lang.String",
    "description": "A description for 'kpi.service.files.path'"
  },
  {
    "name": "kpi.services.files.path",
    "type": "java.lang.String",
    "description": "A description for 'kpi.services.files.path'"
  },
  {
    "name": "spring.datasource.validation-query",
    "type": "java.lang.String",
    "description": "A description for 'spring.datasource.validation-query'"
  },
  {
    "name": "spring.datasource.test-on-borrow",
    "type": "java.lang.String",
    "description": "A description for 'spring.datasource.test-on-borrow'"
  },
  {
    "name": "configuration-path",
    "type": "java.lang.String",
    "description": "A description for 'configuration-path'"
  }
]}